method,name,t,st,y0,sy0
Lu-Hf,Hogsbo,1029.0,1.7,3.55,0.05
Lu-Hf,BP,1745.0,5.0,3.55,0.05
Rb-Sr,MDC,517.0,1.0,1.37728,0.00066
U-Pb,Plesovice,337.13,0.1875,0.8582,0.0010
U-Pb,91500,1063.78,0.33,0.9141,0.0010