method,name,t,st,y0,sy0
Lu-Hf,Hogsbo,1029.0,1.7,3.55,0.05
Lu-Hf,BP,1745.0,5.0,3.55,0.05
Lu-Hf,ME-1,1531,7,3.547973929,0.00046576
Lu-Hf,NIST610,,,3.544566,0.0
Lu-Hf,NIST612,,,3.544842,0.0
Rb-Sr,MDC,517.0,1.0,1.37728,0.00066
Rb-Sr,NIST610,,,1.410312,0.0
Rb-Sr,NIST612,,,1.409344,0.0
U-Pb,Plesovice,337.13,0.1875,0.8582,0.0010
U-Pb,91500,1063.78,0.33,0.9141,0.0010
U-Pb,WC1,254.4,3.2,0.85,0.02
U-Pb,NIST610,,,0.9097,0.0001
U-Pb,NIST612,,,0.9074,0.0001
